Date, Mood
2025-03-17,Angry

2025-03-17,Neutral

2025-03-17,Sad

2025-03-17,Happy

2025-03-17,Neutral

2025-03-17,Angry
2025-03-17,Sad
2025-03-17,Happy
2025-03-17,Neutral
2025-03-17,Angry
2025-03-17,Angry
2025-03-17,Angry
2025-03-17,Happy
2025-03-17,Happy
2025-03-17,Happy
2025-03-17,Sad
2025-03-17,Happy
2025-03-17,Angry
2025-03-17,Sad
2025-03-17,Sad
2025-03-17,Sad
2025-03-17,Sad
2025-03-17,Sad
2025-03-17,Sad
2025-03-17,Sad
2025-03-17,Sad
2025-03-17,Sad
2025-03-17,Sad
2025-03-17,Sad
2025-03-17,Sad
2025-03-17,Sad
2025-03-17,Sad
2025-03-17,Sad
2025-03-17,Sad
2025-03-17,Sad
2025-03-17,Sad
2025-03-17,Happy
2025-03-17,Happy
2025-03-17,Happy
2025-03-17,Happy
2025-03-17,Happy
2025-03-17,Happy
2025-03-17,Happy
2025-03-17,Happy
2025-03-17,Happy
2025-03-17,Happy
2025-03-17,Happy
2025-03-17,Happy
2025-03-17,Happy
2025-03-17,Happy
2025-03-17,Happy
2025-03-17,Happy
2025-03-17,Neutral
2025-03-17,Excited
2025-03-17,Anxious
2025-03-17,Stressed
2025-03-17,Angry
2025-03-17,Stressed
2025-03-17,Angry
2025-03-17,Sad
2025-03-17,Happy
2025-03-17,Anxious
